SKU,Source,Title,Description,Price,Rating,Reviews

16297972764,Walmart,eos Cashmere Body Mist - Vanilla Cashmere - 6 fl oz,"Wrap your skin in the sweet, cozy scent of Vanilla Cashmere. Our Body Mist delivers a fine-fragrance experience with long-lasting wear, thanks to moisturizing hyaluronic acid that helps lock in moisture for silky-smooth skin. This all-over mist is your final step for skin that smells delicious and feels irresistibly soft. Spritz anytime, anywhere, for an instant refresh or as part of your full-body fragrance layering routine.",$12.98,738 ratings,
18208603585,Walmart,Monster Jam Toddler Boys Athletic Sneakers,"Celebrate his favorite monster trucks with these Toddler Boys Athletic Shoes featuring one of Monster Jam’s, El Toro Loco! These sneakers are designed with an elastic lace and adjustable hook-and-loop strap to help get him ready for the day, free of hassle, and offer a comfy, secure fit. The easy-to-clean upper boasts dynamic artwork of El Toro Loco that’s sure to add a playful pop of color to his outfit. Perfect for preschool or playtime with pals, these sneakers are sure to become a daily go-to in his wardrobe.",$18.98,4 ratings,
18032722378,Walmart,"Free Assembly Women's High Rise Cropped Patch Pocket Seersucker Pants, 26"" Inseam, Sizes XS-XXL","The most wearable style we’ve seen in a long time—Free Assembly's Seersucker Patch Pocket Pants are definitely the stand-out style of the season. Channeling a 70's vibe, these pants offer a relaxed aesthetic and a flattering fit with a slimming high rise and pockets that highlight your natural curves. Dressy or casual, these pants always play it cool. Try pairing with our matching Blazer (sold separately) for an easy date to desk outfit. Only at Walmart.",$30.00,9 ratings,
19186061898,Walmart,JBL Endurance Peak 4 - True Wireless Noise Cancelling Sport Earbuds - Purple,"Exercise harder, longer. The flexibility, powerful sound, and rugged design of your JBL Endurance Peak 4 will match you beat for beat. JBL Pure Bass Sound with Spatial Sound fuel your workout from the bottom up, and no matter how intense your moves get, the ergonomic fit of the TwistLock™ design means they'll always stay in and stay comfortable. Most of all, a waterproof and dustproof IP68 rating means the weather will never give you an excuse to stay home. Block out distractions with Adaptive Noise Cancelling or stay in touch with your surroundings with Ambient Aware. Running in the wind? Your calls will sound perfect as if at home, thanks to the 3 mics on each bud. Up to 48 hours of battery life gives you the musical motivation to run a marathon every day for a week before you need a recharge. The JBL Headphones App allows you to customize your sound and the earbuds settings to your likes. Go wherever your workout takes you with JBL Endurance Peak 4.",$129.95,26 ratings,
19229951937,Walmart,Hilary Duff - Luck…or Something (bonus tracks) (Walmart Exclusive) - CD,Hilary Duff,$12.97,4 ratings,
17971153448,Walmart,"Colgate Optic White Stain Fighter Clean Mint Paste Teeth Whitening Anticavity Toothpaste, 3.8 OZ","Colgate Optic White Stain Fighter Clean Mint Paste Toothpaste removes 1 year of stains* while freshening breath with its mint flavor. Its micro-polishing action safely removes 5X more surface stains**. Plus, Optic White Stain Fighter contains fluoride to fight cavities and is an enamel safe stain remover toothpaste. Get an invigorating clean with this effective teeth stain remover. - Micro-Polishing Toothpaste- Colgate Optic White Stain Fighter uses a patented whitening formula for thorough, effective stain removal. The micropolishers in Stain Fighter don’t just brush away surface stains – they help prevent new ones from forming. - Clean Mint Flavor- Our peppermint toothpaste provides a clean, invigorating taste that lasts from the first taste to the finish. - Anticavity Toothpaste - Stain Fighter is a fluoride toothpaste that fights cavities. This patented whitening formula removes 1 year of stains* and is enamel safe for daily use. *when brushing twice daily for 3 weeks **vs. ordinary, non-whitening toothpaste after 2 weeks of continued use",$3.96,170 ratings,
17917714337,Walmart,"Clairol Nice'n Easy10 Permanent Hair Color Cream, 4 Dark Brown, Hair Dye, 1 Application","Clairol Nice'n Easy10 Permanent Hair Color Cream, 4 Dark Brown, Hair Dye, 1 Application   Prepare to elevate your hair game with stunning, glossy color that you can achieve in just 10 minutes! Nice’N Easy10 Permanent Color, combined with an advanced dual conditioning system, provides healthy-looking color 3X as fast – in just 10 minutes! * Experience 6 weeks of exquisite color and shine with full coverage that leaves no gray hair behind! The specially designed PerfectColor comb is crafted for ease of use, allowing you to glide through each strand for a seamless application. And to top it all off, our ColorSeal Intensive Conditioner leaves your hair feeling silky and smooth. This is more than just a hair color; it’s a convenient, all-in-one solution designed to bring out the best in you! *vs our leading permanent colorant",$9.97,930 ratings,
17763715657,Walmart,Avia Women's VC4200 Performance Sneakers,"Experience all-day comfort with the women's Avia VC4200 performance running sneaker, built for versatility and style. Designed with an engineered knit upper and a convenient slip-on fit with laces, it offers breathable support and easy wear. The A-Lite foam midsole delivers lightweight cushioning and responsive comfort for every step.",$40.00,34 ratings,
17847106044,Walmart,"Olay Super Serum Body Wash for Normal Skin, 20 fl oz, Serum Complex for Luminous Skin","Olay Super Serum Body Wash visibly transforms your skin, revealing luminous starting day 1. With 5+ serum ingredients, Olay Super Serum Body Wash for Normal Skin provides 5 visible skincare benefits in 1 - it hydrates, firms, smooths, brightens and evens! Olay Super Serum Body Wash combines skin care ingredients, moisturizers, and advanced skin-delivery technology to give you visibly improved, luminous skin. This body wash is formulated with Olay Super Serum technology, including these 5 skincare serum ingredients: Niacinamide, BHA, Collagen Peptide, Vitamin C, and Vitamin E. It's dermatologist-tested and free of phthalates and silicones. For best results, cleanse with Olay Super Serum Body Wash, then apply Olay Super Serum Body Lotion to lock in moisture, enjoy a luxurious fragrance, and reveal luminous skin.",$13.97,"3,011 ratings",
17593619676,Walmart,Owala FreeSip Sway Stainless Steel 30oz Wild Heart,"Sway is the way. Why, you ask? Well, for one, I’ve got a big ol' bucket handle that makes carrying drinks feel like a luxury, and I slide into cupholders like I was made for them (which I was). Plus, my fancy 2-in-1, sip-or-swig spout makes staying hydrated easier than ever.",$34.97,98 ratings,
17912662818,Walmart,Chobani Coffee Creamer Limited Batch Chocolate Covered Strawberry 24 fl oz Carton,"Chobani® Coffee Creamer is made from farm-fresh cream that comes naturally from our yogurt-making process. Simple and delicious and good for great mornings. Try Chobani® Coffee Creamer Limited Batch Chocolate Covered Strawberry. Natural cream, real milk, cane sugar, and natural flavors make every sip of coffee sweeter than the last. Made with only natural ingredients, no artificial flavors or preservatives.",$5.26,93 ratings,
17116211311,Walmart,"Great Value A19 LED 7W Decorative E26 Medium Base Green Light Bulbs, 2 Pack","Great Value LED A19 Green Light Bulbs bring bright color and energy savings together in one simple design. Each bulb uses just seven watts, adding vivid green light that's great for parties, holidays, or decorative accents around your home. The clear glass with colored filament gives a classic look that stands out when lit or off. These bulbs are non-dimmable and easy to install with a standard E26 base. Add fun, long-lasting color to your space with Great Value LED A19 Green Light Bulbs. Great Value products provide families with affordable, high-quality grocery and household consumable options. With our wide range of product categories spanning grocery and household consumables, we offer you a variety of products for your family's needs. Our products are conveniently available online and in Walmart stores nationwide, allowing you to stock up and save money at the same time.",$6.97,106 ratings,
15229820875,Walmart,"Sharpie Permanent Markers, Water- and Fade-Resistant, Extra Fine Point (0.4mm), Black, 2 Count","Back by popular demand: the iconic ink of Sharpie Permanent Markers in an extra fine tip! Sharpie Extra Fine Point Markers deliver smooth and bold lines that inspire you to transform ordinary surfaces into creative statements. Whether you're making your mark on paper, plastic, or something totally unexpected, Sharpie’s extra fine tip gives you precision without sacrificing boldness. Fast-drying, water-resistant, and built to last—because your ideas deserve to stand out, not fade away. Effortlessly bold, perfectly controlled, it's Sharpie Extra Fine Point Permanent Markers!",$2.00,781 ratings,
15144061334,Walmart,"Jessie James Decker for Blue Sky Monthly Weekly Large Planner (8.5"" x 11"") Paiselee 15-Month October 2025 - December 2026","Southern charm meets serious organization with the Jessie James Decker for Blue Sky 2026 planner! Inspired by Jessie's bold, western spirit, this planner is designed to help you stay grounded, goal-driven, and inspired in 2026. Stay organized with weekly views that break down daily events and checklists for your priorities and to-dos. On the tabbed monthly views, you'll find songs to dance to and room for notes. It also features a clear storage pocket to secure papers and receipts. This 15-month planner has calendar dates from October 2025 through December 2026. Whether you're chasing dreams or just keeping up with daily life, Jessie's planner helps you stay focused, productive, and totally in control.",$12.88,102 ratings,
16297972764,Walmart,eos Cashmere Body Mist - Vanilla Cashmere - 6 fl oz,"Wrap your skin in the sweet, cozy scent of Vanilla Cashmere. Our Body Mist delivers a fine-fragrance experience with long-lasting wear, thanks to moisturizing hyaluronic acid that helps lock in moisture for silky-smooth skin. This all-over mist is your final step for skin that smells delicious and feels irresistibly soft. Spritz anytime, anywhere, for an instant refresh or as part of your full-body fragrance layering routine.",$12.98,738 ratings,
18208603585,Walmart,Monster Jam Toddler Boys Athletic Sneakers,"Celebrate his favorite monster trucks with these Toddler Boys Athletic Shoes featuring one of Monster Jam’s, El Toro Loco! These sneakers are designed with an elastic lace and adjustable hook-and-loop strap to help get him ready for the day, free of hassle, and offer a comfy, secure fit. The easy-to-clean upper boasts dynamic artwork of El Toro Loco that’s sure to add a playful pop of color to his outfit. Perfect for preschool or playtime with pals, these sneakers are sure to become a daily go-to in his wardrobe.",$18.98,4 ratings,
18032722378,Walmart,"Free Assembly Women's High Rise Cropped Patch Pocket Seersucker Pants, 26"" Inseam, Sizes XS-XXL","The most wearable style we’ve seen in a long time—Free Assembly's Seersucker Patch Pocket Pants are definitely the stand-out style of the season. Channeling a 70's vibe, these pants offer a relaxed aesthetic and a flattering fit with a slimming high rise and pockets that highlight your natural curves. Dressy or casual, these pants always play it cool. Try pairing with our matching Blazer (sold separately) for an easy date to desk outfit. Only at Walmart.",$30.00,9 ratings,
19186061898,Walmart,JBL Endurance Peak 4 - True Wireless Noise Cancelling Sport Earbuds - Purple,"Exercise harder, longer. The flexibility, powerful sound, and rugged design of your JBL Endurance Peak 4 will match you beat for beat. JBL Pure Bass Sound with Spatial Sound fuel your workout from the bottom up, and no matter how intense your moves get, the ergonomic fit of the TwistLock™ design means they'll always stay in and stay comfortable. Most of all, a waterproof and dustproof IP68 rating means the weather will never give you an excuse to stay home. Block out distractions with Adaptive Noise Cancelling or stay in touch with your surroundings with Ambient Aware. Running in the wind? Your calls will sound perfect as if at home, thanks to the 3 mics on each bud. Up to 48 hours of battery life gives you the musical motivation to run a marathon every day for a week before you need a recharge. The JBL Headphones App allows you to customize your sound and the earbuds settings to your likes. Go wherever your workout takes you with JBL Endurance Peak 4.",$129.95,26 ratings,
19229951937,Walmart,Hilary Duff - Luck…or Something (bonus tracks) (Walmart Exclusive) - CD,Hilary Duff,$12.97,4 ratings,
17971153448,Walmart,"Colgate Optic White Stain Fighter Clean Mint Paste Teeth Whitening Anticavity Toothpaste, 3.8 OZ","Colgate Optic White Stain Fighter Clean Mint Paste Toothpaste removes 1 year of stains* while freshening breath with its mint flavor. Its micro-polishing action safely removes 5X more surface stains**. Plus, Optic White Stain Fighter contains fluoride to fight cavities and is an enamel safe stain remover toothpaste. Get an invigorating clean with this effective teeth stain remover. - Micro-Polishing Toothpaste- Colgate Optic White Stain Fighter uses a patented whitening formula for thorough, effective stain removal. The micropolishers in Stain Fighter don’t just brush away surface stains – they help prevent new ones from forming. - Clean Mint Flavor- Our peppermint toothpaste provides a clean, invigorating taste that lasts from the first taste to the finish. - Anticavity Toothpaste - Stain Fighter is a fluoride toothpaste that fights cavities. This patented whitening formula removes 1 year of stains* and is enamel safe for daily use. *when brushing twice daily for 3 weeks **vs. ordinary, non-whitening toothpaste after 2 weeks of continued use",$3.96,170 ratings,
17917714337,Walmart,"Clairol Nice'n Easy10 Permanent Hair Color Cream, 4 Dark Brown, Hair Dye, 1 Application","Clairol Nice'n Easy10 Permanent Hair Color Cream, 4 Dark Brown, Hair Dye, 1 Application   Prepare to elevate your hair game with stunning, glossy color that you can achieve in just 10 minutes! Nice’N Easy10 Permanent Color, combined with an advanced dual conditioning system, provides healthy-looking color 3X as fast – in just 10 minutes! * Experience 6 weeks of exquisite color and shine with full coverage that leaves no gray hair behind! The specially designed PerfectColor comb is crafted for ease of use, allowing you to glide through each strand for a seamless application. And to top it all off, our ColorSeal Intensive Conditioner leaves your hair feeling silky and smooth. This is more than just a hair color; it’s a convenient, all-in-one solution designed to bring out the best in you! *vs our leading permanent colorant",$9.97,930 ratings,
17763715657,Walmart,Avia Women's VC4200 Performance Sneakers,"Experience all-day comfort with the women's Avia VC4200 performance running sneaker, built for versatility and style. Designed with an engineered knit upper and a convenient slip-on fit with laces, it offers breathable support and easy wear. The A-Lite foam midsole delivers lightweight cushioning and responsive comfort for every step.",$40.00,34 ratings,
17847106044,Walmart,"Olay Super Serum Body Wash for Normal Skin, 20 fl oz, Serum Complex for Luminous Skin","Olay Super Serum Body Wash visibly transforms your skin, revealing luminous starting day 1. With 5+ serum ingredients, Olay Super Serum Body Wash for Normal Skin provides 5 visible skincare benefits in 1 - it hydrates, firms, smooths, brightens and evens! Olay Super Serum Body Wash combines skin care ingredients, moisturizers, and advanced skin-delivery technology to give you visibly improved, luminous skin. This body wash is formulated with Olay Super Serum technology, including these 5 skincare serum ingredients: Niacinamide, BHA, Collagen Peptide, Vitamin C, and Vitamin E. It's dermatologist-tested and free of phthalates and silicones. For best results, cleanse with Olay Super Serum Body Wash, then apply Olay Super Serum Body Lotion to lock in moisture, enjoy a luxurious fragrance, and reveal luminous skin.",$13.97,"3,011 ratings",
17593619676,Walmart,Owala FreeSip Sway Stainless Steel 30oz Wild Heart,"Sway is the way. Why, you ask? Well, for one, I’ve got a big ol' bucket handle that makes carrying drinks feel like a luxury, and I slide into cupholders like I was made for them (which I was). Plus, my fancy 2-in-1, sip-or-swig spout makes staying hydrated easier than ever.",$34.97,98 ratings,
17912662818,Walmart,Chobani Coffee Creamer Limited Batch Chocolate Covered Strawberry 24 fl oz Carton,"Chobani® Coffee Creamer is made from farm-fresh cream that comes naturally from our yogurt-making process. Simple and delicious and good for great mornings. Try Chobani® Coffee Creamer Limited Batch Chocolate Covered Strawberry. Natural cream, real milk, cane sugar, and natural flavors make every sip of coffee sweeter than the last. Made with only natural ingredients, no artificial flavors or preservatives.",$5.26,93 ratings,
17116211311,Walmart,"Great Value A19 LED 7W Decorative E26 Medium Base Green Light Bulbs, 2 Pack","Great Value LED A19 Green Light Bulbs bring bright color and energy savings together in one simple design. Each bulb uses just seven watts, adding vivid green light that's great for parties, holidays, or decorative accents around your home. The clear glass with colored filament gives a classic look that stands out when lit or off. These bulbs are non-dimmable and easy to install with a standard E26 base. Add fun, long-lasting color to your space with Great Value LED A19 Green Light Bulbs. Great Value products provide families with affordable, high-quality grocery and household consumable options. With our wide range of product categories spanning grocery and household consumables, we offer you a variety of products for your family's needs. Our products are conveniently available online and in Walmart stores nationwide, allowing you to stock up and save money at the same time.",$6.97,106 ratings,
15229820875,Walmart,"Sharpie Permanent Markers, Water- and Fade-Resistant, Extra Fine Point (0.4mm), Black, 2 Count","Back by popular demand: the iconic ink of Sharpie Permanent Markers in an extra fine tip! Sharpie Extra Fine Point Markers deliver smooth and bold lines that inspire you to transform ordinary surfaces into creative statements. Whether you're making your mark on paper, plastic, or something totally unexpected, Sharpie’s extra fine tip gives you precision without sacrificing boldness. Fast-drying, water-resistant, and built to last—because your ideas deserve to stand out, not fade away. Effortlessly bold, perfectly controlled, it's Sharpie Extra Fine Point Permanent Markers!",$2.00,781 ratings,
15144061334,Walmart,"Jessie James Decker for Blue Sky Monthly Weekly Large Planner (8.5"" x 11"") Paiselee 15-Month October 2025 - December 2026","Southern charm meets serious organization with the Jessie James Decker for Blue Sky 2026 planner! Inspired by Jessie's bold, western spirit, this planner is designed to help you stay grounded, goal-driven, and inspired in 2026. Stay organized with weekly views that break down daily events and checklists for your priorities and to-dos. On the tabbed monthly views, you'll find songs to dance to and room for notes. It also features a clear storage pocket to secure papers and receipts. This 15-month planner has calendar dates from October 2025 through December 2026. Whether you're chasing dreams or just keeping up with daily life, Jessie's planner helps you stay focused, productive, and totally in control.",$12.88,102 ratings,
16297972764,Walmart,eos Cashmere Body Mist - Vanilla Cashmere - 6 fl oz,"Wrap your skin in the sweet, cozy scent of Vanilla Cashmere. Our Body Mist delivers a fine-fragrance experience with long-lasting wear, thanks to moisturizing hyaluronic acid that helps lock in moisture for silky-smooth skin. This all-over mist is your final step for skin that smells delicious and feels irresistibly soft. Spritz anytime, anywhere, for an instant refresh or as part of your full-body fragrance layering routine.",$12.98,738 ratings,
18208603585,Walmart,Monster Jam Toddler Boys Athletic Sneakers,"Celebrate his favorite monster trucks with these Toddler Boys Athletic Shoes featuring one of Monster Jam’s, El Toro Loco! These sneakers are designed with an elastic lace and adjustable hook-and-loop strap to help get him ready for the day, free of hassle, and offer a comfy, secure fit. The easy-to-clean upper boasts dynamic artwork of El Toro Loco that’s sure to add a playful pop of color to his outfit. Perfect for preschool or playtime with pals, these sneakers are sure to become a daily go-to in his wardrobe.",$18.98,4 ratings,
18032722378,Walmart,"Free Assembly Women's High Rise Cropped Patch Pocket Seersucker Pants, 26"" Inseam, Sizes XS-XXL","The most wearable style we’ve seen in a long time—Free Assembly's Seersucker Patch Pocket Pants are definitely the stand-out style of the season. Channeling a 70's vibe, these pants offer a relaxed aesthetic and a flattering fit with a slimming high rise and pockets that highlight your natural curves. Dressy or casual, these pants always play it cool. Try pairing with our matching Blazer (sold separately) for an easy date to desk outfit. Only at Walmart.",$30.00,9 ratings,
18208603585,Walmart,Monster Jam Toddler Boys Athletic Sneakers,"Celebrate his favorite monster trucks with these Toddler Boys Athletic Shoes featuring one of Monster Jam’s, El Toro Loco! These sneakers are designed with an elastic lace and adjustable hook-and-loop strap to help get him ready for the day, free of hassle, and offer a comfy, secure fit. The easy-to-clean upper boasts dynamic artwork of El Toro Loco that’s sure to add a playful pop of color to his outfit. Perfect for preschool or playtime with pals, these sneakers are sure to become a daily go-to in his wardrobe.",$18.98,4 ratings,
18032722378,Walmart,"Free Assembly Women's High Rise Cropped Patch Pocket Seersucker Pants, 26"" Inseam, Sizes XS-XXL","The most wearable style we’ve seen in a long time—Free Assembly's Seersucker Patch Pocket Pants are definitely the stand-out style of the season. Channeling a 70's vibe, these pants offer a relaxed aesthetic and a flattering fit with a slimming high rise and pockets that highlight your natural curves. Dressy or casual, these pants always play it cool. Try pairing with our matching Blazer (sold separately) for an easy date to desk outfit. Only at Walmart.",$30.00,9 ratings,
19186061898,Walmart,JBL Endurance Peak 4 - True Wireless Noise Cancelling Sport Earbuds - Purple,"Exercise harder, longer. The flexibility, powerful sound, and rugged design of your JBL Endurance Peak 4 will match you beat for beat. JBL Pure Bass Sound with Spatial Sound fuel your workout from the bottom up, and no matter how intense your moves get, the ergonomic fit of the TwistLock™ design means they'll always stay in and stay comfortable. Most of all, a waterproof and dustproof IP68 rating means the weather will never give you an excuse to stay home. Block out distractions with Adaptive Noise Cancelling or stay in touch with your surroundings with Ambient Aware. Running in the wind? Your calls will sound perfect as if at home, thanks to the 3 mics on each bud. Up to 48 hours of battery life gives you the musical motivation to run a marathon every day for a week before you need a recharge. The JBL Headphones App allows you to customize your sound and the earbuds settings to your likes. Go wherever your workout takes you with JBL Endurance Peak 4.",$129.95,26 ratings,
19229951937,Walmart,Hilary Duff - Luck…or Something (bonus tracks) (Walmart Exclusive) - CD,Hilary Duff,$12.97,4 ratings,
17971153448,Walmart,"Colgate Optic White Stain Fighter Clean Mint Paste Teeth Whitening Anticavity Toothpaste, 3.8 OZ","Colgate Optic White Stain Fighter Clean Mint Paste Toothpaste removes 1 year of stains* while freshening breath with its mint flavor. Its micro-polishing action safely removes 5X more surface stains**. Plus, Optic White Stain Fighter contains fluoride to fight cavities and is an enamel safe stain remover toothpaste. Get an invigorating clean with this effective teeth stain remover. - Micro-Polishing Toothpaste- Colgate Optic White Stain Fighter uses a patented whitening formula for thorough, effective stain removal. The micropolishers in Stain Fighter don’t just brush away surface stains – they help prevent new ones from forming. - Clean Mint Flavor- Our peppermint toothpaste provides a clean, invigorating taste that lasts from the first taste to the finish. - Anticavity Toothpaste - Stain Fighter is a fluoride toothpaste that fights cavities. This patented whitening formula removes 1 year of stains* and is enamel safe for daily use. *when brushing twice daily for 3 weeks **vs. ordinary, non-whitening toothpaste after 2 weeks of continued use",$3.96,170 ratings,
17917714337,Walmart,"Clairol Nice'n Easy10 Permanent Hair Color Cream, 4 Dark Brown, Hair Dye, 1 Application","Clairol Nice'n Easy10 Permanent Hair Color Cream, 4 Dark Brown, Hair Dye, 1 Application   Prepare to elevate your hair game with stunning, glossy color that you can achieve in just 10 minutes! Nice’N Easy10 Permanent Color, combined with an advanced dual conditioning system, provides healthy-looking color 3X as fast – in just 10 minutes! * Experience 6 weeks of exquisite color and shine with full coverage that leaves no gray hair behind! The specially designed PerfectColor comb is crafted for ease of use, allowing you to glide through each strand for a seamless application. And to top it all off, our ColorSeal Intensive Conditioner leaves your hair feeling silky and smooth. This is more than just a hair color; it’s a convenient, all-in-one solution designed to bring out the best in you! *vs our leading permanent colorant",$9.97,930 ratings,
17763715657,Walmart,Avia Women's VC4200 Performance Sneakers,"Experience all-day comfort with the women's Avia VC4200 performance running sneaker, built for versatility and style. Designed with an engineered knit upper and a convenient slip-on fit with laces, it offers breathable support and easy wear. The A-Lite foam midsole delivers lightweight cushioning and responsive comfort for every step.",$40.00,34 ratings,
17847106044,Walmart,"Olay Super Serum Body Wash for Normal Skin, 20 fl oz, Serum Complex for Luminous Skin","Olay Super Serum Body Wash visibly transforms your skin, revealing luminous starting day 1. With 5+ serum ingredients, Olay Super Serum Body Wash for Normal Skin provides 5 visible skincare benefits in 1 - it hydrates, firms, smooths, brightens and evens! Olay Super Serum Body Wash combines skin care ingredients, moisturizers, and advanced skin-delivery technology to give you visibly improved, luminous skin. This body wash is formulated with Olay Super Serum technology, including these 5 skincare serum ingredients: Niacinamide, BHA, Collagen Peptide, Vitamin C, and Vitamin E. It's dermatologist-tested and free of phthalates and silicones. For best results, cleanse with Olay Super Serum Body Wash, then apply Olay Super Serum Body Lotion to lock in moisture, enjoy a luxurious fragrance, and reveal luminous skin.",$13.97,"3,011 ratings",
17593619676,Walmart,Owala FreeSip Sway Stainless Steel 30oz Wild Heart,"Sway is the way. Why, you ask? Well, for one, I’ve got a big ol' bucket handle that makes carrying drinks feel like a luxury, and I slide into cupholders like I was made for them (which I was). Plus, my fancy 2-in-1, sip-or-swig spout makes staying hydrated easier than ever.",$34.97,98 ratings,
17912662818,Walmart,Chobani Coffee Creamer Limited Batch Chocolate Covered Strawberry 24 fl oz Carton,"Chobani® Coffee Creamer is made from farm-fresh cream that comes naturally from our yogurt-making process. Simple and delicious and good for great mornings. Try Chobani® Coffee Creamer Limited Batch Chocolate Covered Strawberry. Natural cream, real milk, cane sugar, and natural flavors make every sip of coffee sweeter than the last. Made with only natural ingredients, no artificial flavors or preservatives.",$5.26,93 ratings,
17116211311,Walmart,"Great Value A19 LED 7W Decorative E26 Medium Base Green Light Bulbs, 2 Pack","Great Value LED A19 Green Light Bulbs bring bright color and energy savings together in one simple design. Each bulb uses just seven watts, adding vivid green light that's great for parties, holidays, or decorative accents around your home. The clear glass with colored filament gives a classic look that stands out when lit or off. These bulbs are non-dimmable and easy to install with a standard E26 base. Add fun, long-lasting color to your space with Great Value LED A19 Green Light Bulbs. Great Value products provide families with affordable, high-quality grocery and household consumable options. With our wide range of product categories spanning grocery and household consumables, we offer you a variety of products for your family's needs. Our products are conveniently available online and in Walmart stores nationwide, allowing you to stock up and save money at the same time.",$6.97,106 ratings,
15229820875,Walmart,"Sharpie Permanent Markers, Water- and Fade-Resistant, Extra Fine Point (0.4mm), Black, 2 Count","Back by popular demand: the iconic ink of Sharpie Permanent Markers in an extra fine tip! Sharpie Extra Fine Point Markers deliver smooth and bold lines that inspire you to transform ordinary surfaces into creative statements. Whether you're making your mark on paper, plastic, or something totally unexpected, Sharpie’s extra fine tip gives you precision without sacrificing boldness. Fast-drying, water-resistant, and built to last—because your ideas deserve to stand out, not fade away. Effortlessly bold, perfectly controlled, it's Sharpie Extra Fine Point Permanent Markers!",$2.00,781 ratings,
15144061334,Walmart,"Jessie James Decker for Blue Sky Monthly Weekly Large Planner (8.5"" x 11"") Paiselee 15-Month October 2025 - December 2026","Southern charm meets serious organization with the Jessie James Decker for Blue Sky 2026 planner! Inspired by Jessie's bold, western spirit, this planner is designed to help you stay grounded, goal-driven, and inspired in 2026. Stay organized with weekly views that break down daily events and checklists for your priorities and to-dos. On the tabbed monthly views, you'll find songs to dance to and room for notes. It also features a clear storage pocket to secure papers and receipts. This 15-month planner has calendar dates from October 2025 through December 2026. Whether you're chasing dreams or just keeping up with daily life, Jessie's planner helps you stay focused, productive, and totally in control.",$12.88,102 ratings,
16297972764,Walmart,eos Cashmere Body Mist - Vanilla Cashmere - 6 fl oz,"Wrap your skin in the sweet, cozy scent of Vanilla Cashmere. Our Body Mist delivers a fine-fragrance experience with long-lasting wear, thanks to moisturizing hyaluronic acid that helps lock in moisture for silky-smooth skin. This all-over mist is your final step for skin that smells delicious and feels irresistibly soft. Spritz anytime, anywhere, for an instant refresh or as part of your full-body fragrance layering routine.",$12.98,738 ratings,
18208603585,Walmart,Monster Jam Toddler Boys Athletic Sneakers,"Celebrate his favorite monster trucks with these Toddler Boys Athletic Shoes featuring one of Monster Jam’s, El Toro Loco! These sneakers are designed with an elastic lace and adjustable hook-and-loop strap to help get him ready for the day, free of hassle, and offer a comfy, secure fit. The easy-to-clean upper boasts dynamic artwork of El Toro Loco that’s sure to add a playful pop of color to his outfit. Perfect for preschool or playtime with pals, these sneakers are sure to become a daily go-to in his wardrobe.",$18.98,4 ratings,
18032722378,Walmart,"Free Assembly Women's High Rise Cropped Patch Pocket Seersucker Pants, 26"" Inseam, Sizes XS-XXL","The most wearable style we’ve seen in a long time—Free Assembly's Seersucker Patch Pocket Pants are definitely the stand-out style of the season. Channeling a 70's vibe, these pants offer a relaxed aesthetic and a flattering fit with a slimming high rise and pockets that highlight your natural curves. Dressy or casual, these pants always play it cool. Try pairing with our matching Blazer (sold separately) for an easy date to desk outfit. Only at Walmart.",$30.00,9 ratings,
19186061898,Walmart,JBL Endurance Peak 4 - True Wireless Noise Cancelling Sport Earbuds - Purple,"Exercise harder, longer. The flexibility, powerful sound, and rugged design of your JBL Endurance Peak 4 will match you beat for beat. JBL Pure Bass Sound with Spatial Sound fuel your workout from the bottom up, and no matter how intense your moves get, the ergonomic fit of the TwistLock™ design means they'll always stay in and stay comfortable. Most of all, a waterproof and dustproof IP68 rating means the weather will never give you an excuse to stay home. Block out distractions with Adaptive Noise Cancelling or stay in touch with your surroundings with Ambient Aware. Running in the wind? Your calls will sound perfect as if at home, thanks to the 3 mics on each bud. Up to 48 hours of battery life gives you the musical motivation to run a marathon every day for a week before you need a recharge. The JBL Headphones App allows you to customize your sound and the earbuds settings to your likes. Go wherever your workout takes you with JBL Endurance Peak 4.",$129.95,26 ratings,
19229951937,Walmart,Hilary Duff - Luck…or Something (bonus tracks) (Walmart Exclusive) - CD,Hilary Duff,$12.97,4 ratings,
17971153448,Walmart,"Colgate Optic White Stain Fighter Clean Mint Paste Teeth Whitening Anticavity Toothpaste, 3.8 OZ","Colgate Optic White Stain Fighter Clean Mint Paste Toothpaste removes 1 year of stains* while freshening breath with its mint flavor. Its micro-polishing action safely removes 5X more surface stains**. Plus, Optic White Stain Fighter contains fluoride to fight cavities and is an enamel safe stain remover toothpaste. Get an invigorating clean with this effective teeth stain remover. - Micro-Polishing Toothpaste- Colgate Optic White Stain Fighter uses a patented whitening formula for thorough, effective stain removal. The micropolishers in Stain Fighter don’t just brush away surface stains – they help prevent new ones from forming. - Clean Mint Flavor- Our peppermint toothpaste provides a clean, invigorating taste that lasts from the first taste to the finish. - Anticavity Toothpaste - Stain Fighter is a fluoride toothpaste that fights cavities. This patented whitening formula removes 1 year of stains* and is enamel safe for daily use. *when brushing twice daily for 3 weeks **vs. ordinary, non-whitening toothpaste after 2 weeks of continued use",$3.96,170 ratings,
17917714337,Walmart,"Clairol Nice'n Easy10 Permanent Hair Color Cream, 4 Dark Brown, Hair Dye, 1 Application","Clairol Nice'n Easy10 Permanent Hair Color Cream, 4 Dark Brown, Hair Dye, 1 Application   Prepare to elevate your hair game with stunning, glossy color that you can achieve in just 10 minutes! Nice’N Easy10 Permanent Color, combined with an advanced dual conditioning system, provides healthy-looking color 3X as fast – in just 10 minutes! * Experience 6 weeks of exquisite color and shine with full coverage that leaves no gray hair behind! The specially designed PerfectColor comb is crafted for ease of use, allowing you to glide through each strand for a seamless application. And to top it all off, our ColorSeal Intensive Conditioner leaves your hair feeling silky and smooth. This is more than just a hair color; it’s a convenient, all-in-one solution designed to bring out the best in you! *vs our leading permanent colorant",$9.97,930 ratings,
17763715657,Walmart,Avia Women's VC4200 Performance Sneakers,"Experience all-day comfort with the women's Avia VC4200 performance running sneaker, built for versatility and style. Designed with an engineered knit upper and a convenient slip-on fit with laces, it offers breathable support and easy wear. The A-Lite foam midsole delivers lightweight cushioning and responsive comfort for every step.",$40.00,34 ratings,
17847106044,Walmart,"Olay Super Serum Body Wash for Normal Skin, 20 fl oz, Serum Complex for Luminous Skin","Olay Super Serum Body Wash visibly transforms your skin, revealing luminous starting day 1. With 5+ serum ingredients, Olay Super Serum Body Wash for Normal Skin provides 5 visible skincare benefits in 1 - it hydrates, firms, smooths, brightens and evens! Olay Super Serum Body Wash combines skin care ingredients, moisturizers, and advanced skin-delivery technology to give you visibly improved, luminous skin. This body wash is formulated with Olay Super Serum technology, including these 5 skincare serum ingredients: Niacinamide, BHA, Collagen Peptide, Vitamin C, and Vitamin E. It's dermatologist-tested and free of phthalates and silicones. For best results, cleanse with Olay Super Serum Body Wash, then apply Olay Super Serum Body Lotion to lock in moisture, enjoy a luxurious fragrance, and reveal luminous skin.",$13.97,"3,011 ratings",
17593619676,Walmart,Owala FreeSip Sway Stainless Steel 30oz Wild Heart,"Sway is the way. Why, you ask? Well, for one, I’ve got a big ol' bucket handle that makes carrying drinks feel like a luxury, and I slide into cupholders like I was made for them (which I was). Plus, my fancy 2-in-1, sip-or-swig spout makes staying hydrated easier than ever.",$34.97,98 ratings,
17912662818,Walmart,Chobani Coffee Creamer Limited Batch Chocolate Covered Strawberry 24 fl oz Carton,"Chobani® Coffee Creamer is made from farm-fresh cream that comes naturally from our yogurt-making process. Simple and delicious and good for great mornings. Try Chobani® Coffee Creamer Limited Batch Chocolate Covered Strawberry. Natural cream, real milk, cane sugar, and natural flavors make every sip of coffee sweeter than the last. Made with only natural ingredients, no artificial flavors or preservatives.",$5.26,93 ratings,
17116211311,Walmart,"Great Value A19 LED 7W Decorative E26 Medium Base Green Light Bulbs, 2 Pack","Great Value LED A19 Green Light Bulbs bring bright color and energy savings together in one simple design. Each bulb uses just seven watts, adding vivid green light that's great for parties, holidays, or decorative accents around your home. The clear glass with colored filament gives a classic look that stands out when lit or off. These bulbs are non-dimmable and easy to install with a standard E26 base. Add fun, long-lasting color to your space with Great Value LED A19 Green Light Bulbs. Great Value products provide families with affordable, high-quality grocery and household consumable options. With our wide range of product categories spanning grocery and household consumables, we offer you a variety of products for your family's needs. Our products are conveniently available online and in Walmart stores nationwide, allowing you to stock up and save money at the same time.",$6.97,106 ratings,
15229820875,Walmart,"Sharpie Permanent Markers, Water- and Fade-Resistant, Extra Fine Point (0.4mm), Black, 2 Count","Back by popular demand: the iconic ink of Sharpie Permanent Markers in an extra fine tip! Sharpie Extra Fine Point Markers deliver smooth and bold lines that inspire you to transform ordinary surfaces into creative statements. Whether you're making your mark on paper, plastic, or something totally unexpected, Sharpie’s extra fine tip gives you precision without sacrificing boldness. Fast-drying, water-resistant, and built to last—because your ideas deserve to stand out, not fade away. Effortlessly bold, perfectly controlled, it's Sharpie Extra Fine Point Permanent Markers!",$2.00,781 ratings,
15144061334,Walmart,"Jessie James Decker for Blue Sky Monthly Weekly Large Planner (8.5"" x 11"") Paiselee 15-Month October 2025 - December 2026","Southern charm meets serious organization with the Jessie James Decker for Blue Sky 2026 planner! Inspired by Jessie's bold, western spirit, this planner is designed to help you stay grounded, goal-driven, and inspired in 2026. Stay organized with weekly views that break down daily events and checklists for your priorities and to-dos. On the tabbed monthly views, you'll find songs to dance to and room for notes. It also features a clear storage pocket to secure papers and receipts. This 15-month planner has calendar dates from October 2025 through December 2026. Whether you're chasing dreams or just keeping up with daily life, Jessie's planner helps you stay focused, productive, and totally in control.",$12.88,102 ratings,
16297972764,Walmart,eos Cashmere Body Mist - Vanilla Cashmere - 6 fl oz,"Wrap your skin in the sweet, cozy scent of Vanilla Cashmere. Our Body Mist delivers a fine-fragrance experience with long-lasting wear, thanks to moisturizing hyaluronic acid that helps lock in moisture for silky-smooth skin. This all-over mist is your final step for skin that smells delicious and feels irresistibly soft. Spritz anytime, anywhere, for an instant refresh or as part of your full-body fragrance layering routine.",$12.98,738 ratings,
18208603585,Walmart,Monster Jam Toddler Boys Athletic Sneakers,"Celebrate his favorite monster trucks with these Toddler Boys Athletic Shoes featuring one of Monster Jam’s, El Toro Loco! These sneakers are designed with an elastic lace and adjustable hook-and-loop strap to help get him ready for the day, free of hassle, and offer a comfy, secure fit. The easy-to-clean upper boasts dynamic artwork of El Toro Loco that’s sure to add a playful pop of color to his outfit. Perfect for preschool or playtime with pals, these sneakers are sure to become a daily go-to in his wardrobe.",$18.98,4 ratings,
18032722378,Walmart,"Free Assembly Women's High Rise Cropped Patch Pocket Seersucker Pants, 26"" Inseam, Sizes XS-XXL","The most wearable style we’ve seen in a long time—Free Assembly's Seersucker Patch Pocket Pants are definitely the stand-out style of the season. Channeling a 70's vibe, these pants offer a relaxed aesthetic and a flattering fit with a slimming high rise and pockets that highlight your natural curves. Dressy or casual, these pants always play it cool. Try pairing with our matching Blazer (sold separately) for an easy date to desk outfit. Only at Walmart.",$30.00,9 ratings,
19186061898,Walmart,JBL Endurance Peak 4 - True Wireless Noise Cancelling Sport Earbuds - Purple,"Exercise harder, longer. The flexibility, powerful sound, and rugged design of your JBL Endurance Peak 4 will match you beat for beat. JBL Pure Bass Sound with Spatial Sound fuel your workout from the bottom up, and no matter how intense your moves get, the ergonomic fit of the TwistLock™ design means they'll always stay in and stay comfortable. Most of all, a waterproof and dustproof IP68 rating means the weather will never give you an excuse to stay home. Block out distractions with Adaptive Noise Cancelling or stay in touch with your surroundings with Ambient Aware. Running in the wind? Your calls will sound perfect as if at home, thanks to the 3 mics on each bud. Up to 48 hours of battery life gives you the musical motivation to run a marathon every day for a week before you need a recharge. The JBL Headphones App allows you to customize your sound and the earbuds settings to your likes. Go wherever your workout takes you with JBL Endurance Peak 4.",$129.95,26 ratings,
19229951937,Walmart,Hilary Duff - Luck…or Something (bonus tracks) (Walmart Exclusive) - CD,Hilary Duff,$12.97,4 ratings,
17971153448,Walmart,"Colgate Optic White Stain Fighter Clean Mint Paste Teeth Whitening Anticavity Toothpaste, 3.8 OZ","Colgate Optic White Stain Fighter Clean Mint Paste Toothpaste removes 1 year of stains* while freshening breath with its mint flavor. Its micro-polishing action safely removes 5X more surface stains**. Plus, Optic White Stain Fighter contains fluoride to fight cavities and is an enamel safe stain remover toothpaste. Get an invigorating clean with this effective teeth stain remover. - Micro-Polishing Toothpaste- Colgate Optic White Stain Fighter uses a patented whitening formula for thorough, effective stain removal. The micropolishers in Stain Fighter don’t just brush away surface stains – they help prevent new ones from forming. - Clean Mint Flavor- Our peppermint toothpaste provides a clean, invigorating taste that lasts from the first taste to the finish. - Anticavity Toothpaste - Stain Fighter is a fluoride toothpaste that fights cavities. This patented whitening formula removes 1 year of stains* and is enamel safe for daily use. *when brushing twice daily for 3 weeks **vs. ordinary, non-whitening toothpaste after 2 weeks of continued use",$3.96,170 ratings,
17917714337,Walmart,"Clairol Nice'n Easy10 Permanent Hair Color Cream, 4 Dark Brown, Hair Dye, 1 Application","Clairol Nice'n Easy10 Permanent Hair Color Cream, 4 Dark Brown, Hair Dye, 1 Application   Prepare to elevate your hair game with stunning, glossy color that you can achieve in just 10 minutes! Nice’N Easy10 Permanent Color, combined with an advanced dual conditioning system, provides healthy-looking color 3X as fast – in just 10 minutes! * Experience 6 weeks of exquisite color and shine with full coverage that leaves no gray hair behind! The specially designed PerfectColor comb is crafted for ease of use, allowing you to glide through each strand for a seamless application. And to top it all off, our ColorSeal Intensive Conditioner leaves your hair feeling silky and smooth. This is more than just a hair color; it’s a convenient, all-in-one solution designed to bring out the best in you! *vs our leading permanent colorant",$9.97,930 ratings,
17763715657,Walmart,Avia Women's VC4200 Performance Sneakers,"Experience all-day comfort with the women's Avia VC4200 performance running sneaker, built for versatility and style. Designed with an engineered knit upper and a convenient slip-on fit with laces, it offers breathable support and easy wear. The A-Lite foam midsole delivers lightweight cushioning and responsive comfort for every step.",$40.00,34 ratings,
17847106044,Walmart,"Olay Super Serum Body Wash for Normal Skin, 20 fl oz, Serum Complex for Luminous Skin","Olay Super Serum Body Wash visibly transforms your skin, revealing luminous starting day 1. With 5+ serum ingredients, Olay Super Serum Body Wash for Normal Skin provides 5 visible skincare benefits in 1 - it hydrates, firms, smooths, brightens and evens! Olay Super Serum Body Wash combines skin care ingredients, moisturizers, and advanced skin-delivery technology to give you visibly improved, luminous skin. This body wash is formulated with Olay Super Serum technology, including these 5 skincare serum ingredients: Niacinamide, BHA, Collagen Peptide, Vitamin C, and Vitamin E. It's dermatologist-tested and free of phthalates and silicones. For best results, cleanse with Olay Super Serum Body Wash, then apply Olay Super Serum Body Lotion to lock in moisture, enjoy a luxurious fragrance, and reveal luminous skin.",$13.97,"3,011 ratings",
17593619676,Walmart,Owala FreeSip Sway Stainless Steel 30oz Wild Heart,"Sway is the way. Why, you ask? Well, for one, I’ve got a big ol' bucket handle that makes carrying drinks feel like a luxury, and I slide into cupholders like I was made for them (which I was). Plus, my fancy 2-in-1, sip-or-swig spout makes staying hydrated easier than ever.",$34.97,98 ratings,
17912662818,Walmart,Chobani Coffee Creamer Limited Batch Chocolate Covered Strawberry 24 fl oz Carton,"Chobani® Coffee Creamer is made from farm-fresh cream that comes naturally from our yogurt-making process. Simple and delicious and good for great mornings. Try Chobani® Coffee Creamer Limited Batch Chocolate Covered Strawberry. Natural cream, real milk, cane sugar, and natural flavors make every sip of coffee sweeter than the last. Made with only natural ingredients, no artificial flavors or preservatives.",$5.26,93 ratings,
17116211311,Walmart,"Great Value A19 LED 7W Decorative E26 Medium Base Green Light Bulbs, 2 Pack","Great Value LED A19 Green Light Bulbs bring bright color and energy savings together in one simple design. Each bulb uses just seven watts, adding vivid green light that's great for parties, holidays, or decorative accents around your home. The clear glass with colored filament gives a classic look that stands out when lit or off. These bulbs are non-dimmable and easy to install with a standard E26 base. Add fun, long-lasting color to your space with Great Value LED A19 Green Light Bulbs. Great Value products provide families with affordable, high-quality grocery and household consumable options. With our wide range of product categories spanning grocery and household consumables, we offer you a variety of products for your family's needs. Our products are conveniently available online and in Walmart stores nationwide, allowing you to stock up and save money at the same time.",$6.97,106 ratings,
15229820875,Walmart,"Sharpie Permanent Markers, Water- and Fade-Resistant, Extra Fine Point (0.4mm), Black, 2 Count","Back by popular demand: the iconic ink of Sharpie Permanent Markers in an extra fine tip! Sharpie Extra Fine Point Markers deliver smooth and bold lines that inspire you to transform ordinary surfaces into creative statements. Whether you're making your mark on paper, plastic, or something totally unexpected, Sharpie’s extra fine tip gives you precision without sacrificing boldness. Fast-drying, water-resistant, and built to last—because your ideas deserve to stand out, not fade away. Effortlessly bold, perfectly controlled, it's Sharpie Extra Fine Point Permanent Markers!",$2.00,781 ratings,
15144061334,Walmart,"Jessie James Decker for Blue Sky Monthly Weekly Large Planner (8.5"" x 11"") Paiselee 15-Month October 2025 - December 2026","Southern charm meets serious organization with the Jessie James Decker for Blue Sky 2026 planner! Inspired by Jessie's bold, western spirit, this planner is designed to help you stay grounded, goal-driven, and inspired in 2026. Stay organized with weekly views that break down daily events and checklists for your priorities and to-dos. On the tabbed monthly views, you'll find songs to dance to and room for notes. It also features a clear storage pocket to secure papers and receipts. This 15-month planner has calendar dates from October 2025 through December 2026. Whether you're chasing dreams or just keeping up with daily life, Jessie's planner helps you stay focused, productive, and totally in control.",$12.88,102 ratings,
16297972764,Walmart,eos Cashmere Body Mist - Vanilla Cashmere - 6 fl oz,"Wrap your skin in the sweet, cozy scent of Vanilla Cashmere. Our Body Mist delivers a fine-fragrance experience with long-lasting wear, thanks to moisturizing hyaluronic acid that helps lock in moisture for silky-smooth skin. This all-over mist is your final step for skin that smells delicious and feels irresistibly soft. Spritz anytime, anywhere, for an instant refresh or as part of your full-body fragrance layering routine.",$12.98,738 ratings,
18208603585,Walmart,Monster Jam Toddler Boys Athletic Sneakers,"Celebrate his favorite monster trucks with these Toddler Boys Athletic Shoes featuring one of Monster Jam’s, El Toro Loco! These sneakers are designed with an elastic lace and adjustable hook-and-loop strap to help get him ready for the day, free of hassle, and offer a comfy, secure fit. The easy-to-clean upper boasts dynamic artwork of El Toro Loco that’s sure to add a playful pop of color to his outfit. Perfect for preschool or playtime with pals, these sneakers are sure to become a daily go-to in his wardrobe.",$18.98,4 ratings,
18032722378,Walmart,"Free Assembly Women's High Rise Cropped Patch Pocket Seersucker Pants, 26"" Inseam, Sizes XS-XXL","The most wearable style we’ve seen in a long time—Free Assembly's Seersucker Patch Pocket Pants are definitely the stand-out style of the season. Channeling a 70's vibe, these pants offer a relaxed aesthetic and a flattering fit with a slimming high rise and pockets that highlight your natural curves. Dressy or casual, these pants always play it cool. Try pairing with our matching Blazer (sold separately) for an easy date to desk outfit. Only at Walmart.",$30.00,9 ratings,
19186061898,Walmart,JBL Endurance Peak 4 - True Wireless Noise Cancelling Sport Earbuds - Purple,"Exercise harder, longer. The flexibility, powerful sound, and rugged design of your JBL Endurance Peak 4 will match you beat for beat. JBL Pure Bass Sound with Spatial Sound fuel your workout from the bottom up, and no matter how intense your moves get, the ergonomic fit of the TwistLock™ design means they'll always stay in and stay comfortable. Most of all, a waterproof and dustproof IP68 rating means the weather will never give you an excuse to stay home. Block out distractions with Adaptive Noise Cancelling or stay in touch with your surroundings with Ambient Aware. Running in the wind? Your calls will sound perfect as if at home, thanks to the 3 mics on each bud. Up to 48 hours of battery life gives you the musical motivation to run a marathon every day for a week before you need a recharge. The JBL Headphones App allows you to customize your sound and the earbuds settings to your likes. Go wherever your workout takes you with JBL Endurance Peak 4.",$129.95,26 ratings,
19229951937,Walmart,Hilary Duff - Luck…or Something (bonus tracks) (Walmart Exclusive) - CD,Hilary Duff,$12.97,4 ratings,
17971153448,Walmart,"Colgate Optic White Stain Fighter Clean Mint Paste Teeth Whitening Anticavity Toothpaste, 3.8 OZ","Colgate Optic White Stain Fighter Clean Mint Paste Toothpaste removes 1 year of stains* while freshening breath with its mint flavor. Its micro-polishing action safely removes 5X more surface stains**. Plus, Optic White Stain Fighter contains fluoride to fight cavities and is an enamel safe stain remover toothpaste. Get an invigorating clean with this effective teeth stain remover. - Micro-Polishing Toothpaste- Colgate Optic White Stain Fighter uses a patented whitening formula for thorough, effective stain removal. The micropolishers in Stain Fighter don’t just brush away surface stains – they help prevent new ones from forming. - Clean Mint Flavor- Our peppermint toothpaste provides a clean, invigorating taste that lasts from the first taste to the finish. - Anticavity Toothpaste - Stain Fighter is a fluoride toothpaste that fights cavities. This patented whitening formula removes 1 year of stains* and is enamel safe for daily use. *when brushing twice daily for 3 weeks **vs. ordinary, non-whitening toothpaste after 2 weeks of continued use",$3.96,170 ratings,
17917714337,Walmart,"Clairol Nice'n Easy10 Permanent Hair Color Cream, 4 Dark Brown, Hair Dye, 1 Application","Clairol Nice'n Easy10 Permanent Hair Color Cream, 4 Dark Brown, Hair Dye, 1 Application   Prepare to elevate your hair game with stunning, glossy color that you can achieve in just 10 minutes! Nice’N Easy10 Permanent Color, combined with an advanced dual conditioning system, provides healthy-looking color 3X as fast – in just 10 minutes! * Experience 6 weeks of exquisite color and shine with full coverage that leaves no gray hair behind! The specially designed PerfectColor comb is crafted for ease of use, allowing you to glide through each strand for a seamless application. And to top it all off, our ColorSeal Intensive Conditioner leaves your hair feeling silky and smooth. This is more than just a hair color; it’s a convenient, all-in-one solution designed to bring out the best in you! *vs our leading permanent colorant",$9.97,930 ratings,
17763715657,Walmart,Avia Women's VC4200 Performance Sneakers,"Experience all-day comfort with the women's Avia VC4200 performance running sneaker, built for versatility and style. Designed with an engineered knit upper and a convenient slip-on fit with laces, it offers breathable support and easy wear. The A-Lite foam midsole delivers lightweight cushioning and responsive comfort for every step.",$40.00,34 ratings,
17847106044,Walmart,"Olay Super Serum Body Wash for Normal Skin, 20 fl oz, Serum Complex for Luminous Skin","Olay Super Serum Body Wash visibly transforms your skin, revealing luminous starting day 1. With 5+ serum ingredients, Olay Super Serum Body Wash for Normal Skin provides 5 visible skincare benefits in 1 - it hydrates, firms, smooths, brightens and evens! Olay Super Serum Body Wash combines skin care ingredients, moisturizers, and advanced skin-delivery technology to give you visibly improved, luminous skin. This body wash is formulated with Olay Super Serum technology, including these 5 skincare serum ingredients: Niacinamide, BHA, Collagen Peptide, Vitamin C, and Vitamin E. It's dermatologist-tested and free of phthalates and silicones. For best results, cleanse with Olay Super Serum Body Wash, then apply Olay Super Serum Body Lotion to lock in moisture, enjoy a luxurious fragrance, and reveal luminous skin.",$13.97,"3,011 ratings",
17593619676,Walmart,Owala FreeSip Sway Stainless Steel 30oz Wild Heart,"Sway is the way. Why, you ask? Well, for one, I’ve got a big ol' bucket handle that makes carrying drinks feel like a luxury, and I slide into cupholders like I was made for them (which I was). Plus, my fancy 2-in-1, sip-or-swig spout makes staying hydrated easier than ever.",$34.97,98 ratings,
17912662818,Walmart,Chobani Coffee Creamer Limited Batch Chocolate Covered Strawberry 24 fl oz Carton,"Chobani® Coffee Creamer is made from farm-fresh cream that comes naturally from our yogurt-making process. Simple and delicious and good for great mornings. Try Chobani® Coffee Creamer Limited Batch Chocolate Covered Strawberry. Natural cream, real milk, cane sugar, and natural flavors make every sip of coffee sweeter than the last. Made with only natural ingredients, no artificial flavors or preservatives.",$5.26,93 ratings,
17116211311,Walmart,"Great Value A19 LED 7W Decorative E26 Medium Base Green Light Bulbs, 2 Pack","Great Value LED A19 Green Light Bulbs bring bright color and energy savings together in one simple design. Each bulb uses just seven watts, adding vivid green light that's great for parties, holidays, or decorative accents around your home. The clear glass with colored filament gives a classic look that stands out when lit or off. These bulbs are non-dimmable and easy to install with a standard E26 base. Add fun, long-lasting color to your space with Great Value LED A19 Green Light Bulbs. Great Value products provide families with affordable, high-quality grocery and household consumable options. With our wide range of product categories spanning grocery and household consumables, we offer you a variety of products for your family's needs. Our products are conveniently available online and in Walmart stores nationwide, allowing you to stock up and save money at the same time.",$6.97,106 ratings,
15229820875,Walmart,"Sharpie Permanent Markers, Water- and Fade-Resistant, Extra Fine Point (0.4mm), Black, 2 Count","Back by popular demand: the iconic ink of Sharpie Permanent Markers in an extra fine tip! Sharpie Extra Fine Point Markers deliver smooth and bold lines that inspire you to transform ordinary surfaces into creative statements. Whether you're making your mark on paper, plastic, or something totally unexpected, Sharpie’s extra fine tip gives you precision without sacrificing boldness. Fast-drying, water-resistant, and built to last—because your ideas deserve to stand out, not fade away. Effortlessly bold, perfectly controlled, it's Sharpie Extra Fine Point Permanent Markers!",$2.00,781 ratings,
15144061334,Walmart,"Jessie James Decker for Blue Sky Monthly Weekly Large Planner (8.5"" x 11"") Paiselee 15-Month October 2025 - December 2026","Southern charm meets serious organization with the Jessie James Decker for Blue Sky 2026 planner! Inspired by Jessie's bold, western spirit, this planner is designed to help you stay grounded, goal-driven, and inspired in 2026. Stay organized with weekly views that break down daily events and checklists for your priorities and to-dos. On the tabbed monthly views, you'll find songs to dance to and room for notes. It also features a clear storage pocket to secure papers and receipts. This 15-month planner has calendar dates from October 2025 through December 2026. Whether you're chasing dreams or just keeping up with daily life, Jessie's planner helps you stay focused, productive, and totally in control.",$12.88,102 ratings,
16297972764,Walmart,eos Cashmere Body Mist - Vanilla Cashmere - 6 fl oz,"Wrap your skin in the sweet, cozy scent of Vanilla Cashmere. Our Body Mist delivers a fine-fragrance experience with long-lasting wear, thanks to moisturizing hyaluronic acid that helps lock in moisture for silky-smooth skin. This all-over mist is your final step for skin that smells delicious and feels irresistibly soft. Spritz anytime, anywhere, for an instant refresh or as part of your full-body fragrance layering routine.",$12.98,738 ratings,
18208603585,Walmart,Monster Jam Toddler Boys Athletic Sneakers,"Celebrate his favorite monster trucks with these Toddler Boys Athletic Shoes featuring one of Monster Jam’s, El Toro Loco! These sneakers are designed with an elastic lace and adjustable hook-and-loop strap to help get him ready for the day, free of hassle, and offer a comfy, secure fit. The easy-to-clean upper boasts dynamic artwork of El Toro Loco that’s sure to add a playful pop of color to his outfit. Perfect for preschool or playtime with pals, these sneakers are sure to become a daily go-to in his wardrobe.",$18.98,4 ratings,
18032722378,Walmart,"Free Assembly Women's High Rise Cropped Patch Pocket Seersucker Pants, 26"" Inseam, Sizes XS-XXL","The most wearable style we’ve seen in a long time—Free Assembly's Seersucker Patch Pocket Pants are definitely the stand-out style of the season. Channeling a 70's vibe, these pants offer a relaxed aesthetic and a flattering fit with a slimming high rise and pockets that highlight your natural curves. Dressy or casual, these pants always play it cool. Try pairing with our matching Blazer (sold separately) for an easy date to desk outfit. Only at Walmart.",$30.00,9 ratings,
19186061898,Walmart,JBL Endurance Peak 4 - True Wireless Noise Cancelling Sport Earbuds - Purple,"Exercise harder, longer. The flexibility, powerful sound, and rugged design of your JBL Endurance Peak 4 will match you beat for beat. JBL Pure Bass Sound with Spatial Sound fuel your workout from the bottom up, and no matter how intense your moves get, the ergonomic fit of the TwistLock™ design means they'll always stay in and stay comfortable. Most of all, a waterproof and dustproof IP68 rating means the weather will never give you an excuse to stay home. Block out distractions with Adaptive Noise Cancelling or stay in touch with your surroundings with Ambient Aware. Running in the wind? Your calls will sound perfect as if at home, thanks to the 3 mics on each bud. Up to 48 hours of battery life gives you the musical motivation to run a marathon every day for a week before you need a recharge. The JBL Headphones App allows you to customize your sound and the earbuds settings to your likes. Go wherever your workout takes you with JBL Endurance Peak 4.",$129.95,26 ratings,
19229951937,Walmart,Hilary Duff - Luck…or Something (bonus tracks) (Walmart Exclusive) - CD,Hilary Duff,$12.97,4 ratings,
17971153448,Walmart,"Colgate Optic White Stain Fighter Clean Mint Paste Teeth Whitening Anticavity Toothpaste, 3.8 OZ","Colgate Optic White Stain Fighter Clean Mint Paste Toothpaste removes 1 year of stains* while freshening breath with its mint flavor. Its micro-polishing action safely removes 5X more surface stains**. Plus, Optic White Stain Fighter contains fluoride to fight cavities and is an enamel safe stain remover toothpaste. Get an invigorating clean with this effective teeth stain remover. - Micro-Polishing Toothpaste- Colgate Optic White Stain Fighter uses a patented whitening formula for thorough, effective stain removal. The micropolishers in Stain Fighter don’t just brush away surface stains – they help prevent new ones from forming. - Clean Mint Flavor- Our peppermint toothpaste provides a clean, invigorating taste that lasts from the first taste to the finish. - Anticavity Toothpaste - Stain Fighter is a fluoride toothpaste that fights cavities. This patented whitening formula removes 1 year of stains* and is enamel safe for daily use. *when brushing twice daily for 3 weeks **vs. ordinary, non-whitening toothpaste after 2 weeks of continued use",$3.96,170 ratings,
17917714337,Walmart,"Clairol Nice'n Easy10 Permanent Hair Color Cream, 4 Dark Brown, Hair Dye, 1 Application","Clairol Nice'n Easy10 Permanent Hair Color Cream, 4 Dark Brown, Hair Dye, 1 Application   Prepare to elevate your hair game with stunning, glossy color that you can achieve in just 10 minutes! Nice’N Easy10 Permanent Color, combined with an advanced dual conditioning system, provides healthy-looking color 3X as fast – in just 10 minutes! * Experience 6 weeks of exquisite color and shine with full coverage that leaves no gray hair behind! The specially designed PerfectColor comb is crafted for ease of use, allowing you to glide through each strand for a seamless application. And to top it all off, our ColorSeal Intensive Conditioner leaves your hair feeling silky and smooth. This is more than just a hair color; it’s a convenient, all-in-one solution designed to bring out the best in you! *vs our leading permanent colorant",$9.97,930 ratings,
17763715657,Walmart,Avia Women's VC4200 Performance Sneakers,"Experience all-day comfort with the women's Avia VC4200 performance running sneaker, built for versatility and style. Designed with an engineered knit upper and a convenient slip-on fit with laces, it offers breathable support and easy wear. The A-Lite foam midsole delivers lightweight cushioning and responsive comfort for every step.",$40.00,34 ratings,
17847106044,Walmart,"Olay Super Serum Body Wash for Normal Skin, 20 fl oz, Serum Complex for Luminous Skin","Olay Super Serum Body Wash visibly transforms your skin, revealing luminous starting day 1. With 5+ serum ingredients, Olay Super Serum Body Wash for Normal Skin provides 5 visible skincare benefits in 1 - it hydrates, firms, smooths, brightens and evens! Olay Super Serum Body Wash combines skin care ingredients, moisturizers, and advanced skin-delivery technology to give you visibly improved, luminous skin. This body wash is formulated with Olay Super Serum technology, including these 5 skincare serum ingredients: Niacinamide, BHA, Collagen Peptide, Vitamin C, and Vitamin E. It's dermatologist-tested and free of phthalates and silicones. For best results, cleanse with Olay Super Serum Body Wash, then apply Olay Super Serum Body Lotion to lock in moisture, enjoy a luxurious fragrance, and reveal luminous skin.",$13.97,"3,011 ratings",
17593619676,Walmart,Owala FreeSip Sway Stainless Steel 30oz Wild Heart,"Sway is the way. Why, you ask? Well, for one, I’ve got a big ol' bucket handle that makes carrying drinks feel like a luxury, and I slide into cupholders like I was made for them (which I was). Plus, my fancy 2-in-1, sip-or-swig spout makes staying hydrated easier than ever.",$34.97,98 ratings,
17912662818,Walmart,Chobani Coffee Creamer Limited Batch Chocolate Covered Strawberry 24 fl oz Carton,"Chobani® Coffee Creamer is made from farm-fresh cream that comes naturally from our yogurt-making process. Simple and delicious and good for great mornings. Try Chobani® Coffee Creamer Limited Batch Chocolate Covered Strawberry. Natural cream, real milk, cane sugar, and natural flavors make every sip of coffee sweeter than the last. Made with only natural ingredients, no artificial flavors or preservatives.",$5.26,93 ratings,
17116211311,Walmart,"Great Value A19 LED 7W Decorative E26 Medium Base Green Light Bulbs, 2 Pack","Great Value LED A19 Green Light Bulbs bring bright color and energy savings together in one simple design. Each bulb uses just seven watts, adding vivid green light that's great for parties, holidays, or decorative accents around your home. The clear glass with colored filament gives a classic look that stands out when lit or off. These bulbs are non-dimmable and easy to install with a standard E26 base. Add fun, long-lasting color to your space with Great Value LED A19 Green Light Bulbs. Great Value products provide families with affordable, high-quality grocery and household consumable options. With our wide range of product categories spanning grocery and household consumables, we offer you a variety of products for your family's needs. Our products are conveniently available online and in Walmart stores nationwide, allowing you to stock up and save money at the same time.",$6.97,106 ratings,
15229820875,Walmart,"Sharpie Permanent Markers, Water- and Fade-Resistant, Extra Fine Point (0.4mm), Black, 2 Count","Back by popular demand: the iconic ink of Sharpie Permanent Markers in an extra fine tip! Sharpie Extra Fine Point Markers deliver smooth and bold lines that inspire you to transform ordinary surfaces into creative statements. Whether you're making your mark on paper, plastic, or something totally unexpected, Sharpie’s extra fine tip gives you precision without sacrificing boldness. Fast-drying, water-resistant, and built to last—because your ideas deserve to stand out, not fade away. Effortlessly bold, perfectly controlled, it's Sharpie Extra Fine Point Permanent Markers!",$2.00,781 ratings,
16297972764,Walmart,eos Cashmere Body Mist - Vanilla Cashmere - 6 fl oz,"Wrap your skin in the sweet, cozy scent of Vanilla Cashmere. Our Body Mist delivers a fine-fragrance experience with long-lasting wear, thanks to moisturizing hyaluronic acid that helps lock in moisture for silky-smooth skin. This all-over mist is your final step for skin that smells delicious and feels irresistibly soft. Spritz anytime, anywhere, for an instant refresh or as part of your full-body fragrance layering routine.",$12.98,738 ratings,
B07K19NYZ8,Amazon,,,,,
B08ZXZ362Z,Amazon,,,,,
B00GHL8VP2,Amazon,,,,,
B0B9JZW1SQ,Amazon,"4 in 1 Portable Electric Vegetable Cutter Set,Wireless Food Processor Electric Food Chopper for Garlic Chili Pepper Onion Ginger Celery Meat with Brush",,,(238),3.4 out of 5 stars
B00TI8E7BI,Amazon,Philips HD9306/06 1.5-Litre Electric Kettle,Food grade stainless steel,"INR2,576.28","(2,652)",4.4 out of 5 stars
B07J9KXQCC,Amazon,,,,,
B0B3JSWG81,Amazon,,,,,
B08L7J3T31,Amazon,,,,,
B01M6453MB,Amazon,Prestige Delight PRWO 1.0 1-Litre Electric Rice Cooker,"Voltage(V) :230 Volts, Wattage(W) : 500 Watts","INR3,265.95","(4,586)",4.1 out of 5 stars
B009P2LIL4,Amazon,Bajaj Majesty RX10 Fan Convector Room Heater,Adjustable Temperature Control: Set your ideal warmth,,(610),2.8 out of 5 stars
B00J5DYCCA,Amazon,,,,,
B01486F4G6,Amazon,Borosil Jumbo Grill Sandwich Maker,High-Powered Heating: 2000 Watts,,"(2,505)",4.4 out of 5 stars
16297972764,Walmart,eos Cashmere Body Mist - Vanilla Cashmere - 6 fl oz,"Wrap your skin in the sweet, cozy scent of Vanilla Cashmere. Our Body Mist delivers a fine-fragrance experience with long-lasting wear, thanks to moisturizing hyaluronic acid that helps lock in moisture for silky-smooth skin. This all-over mist is your final step for skin that smells delicious and feels irresistibly soft. Spritz anytime, anywhere, for an instant refresh or as part of your full-body fragrance layering routine.",$12.98,738 ratings,
18208603585,Walmart,Monster Jam Toddler Boys Athletic Sneakers,"Celebrate his favorite monster trucks with these Toddler Boys Athletic Shoes featuring one of Monster Jam’s, El Toro Loco! These sneakers are designed with an elastic lace and adjustable hook-and-loop strap to help get him ready for the day, free of hassle, and offer a comfy, secure fit. The easy-to-clean upper boasts dynamic artwork of El Toro Loco that’s sure to add a playful pop of color to his outfit. Perfect for preschool or playtime with pals, these sneakers are sure to become a daily go-to in his wardrobe.",$18.98,4 ratings,
B07K19NYZ8,Amazon,,,,,
B0014C0LSY,Amazon,Crocs Unisex-Adult Classic Clogs,"It’s the iconic clog that started a comfort revolution around the world. The irreverent go-to comfort shoe that you're sure to fall deeper in love with day after day. Crocs Classic Clogs offer lightweight Iconic Crocs Comfort. All Crocs shoes are uniquely designed and manufactured using our proprietary closed-cell resin, Croslite, a technology that gives each pair of shoes the soft, comfortable, lightweight and non-marking qualities that Crocs wearers know and love. Heat: do not expose your Crocs shoes to extreme heat or intense sunlight for an extended period of time. Due to the unique nature of the Crocs PCCR material, high temperatures may cause them to warp. Crocs shoes should solely be hand washed. If the model features a lining, it is recommended to put the lining in a mesh fabric or use a delicate cycle (of up to 30 °) if you machine wash. Cleaning your Crocs using the washing machine is at your own risk Looking for the ultimate warm-weather shoe? Crocs' Classic clog has a ventilated upper and a traction outsole to make it a top wet-dry performer--perfect for the beach--but we can think of a zillion other places you'll want to wear it.",,"(325,485)",4.8 out of 5 stars
B0C2C9NHZW,Amazon,"LEVOIT Top Fill Humidifiers for Bedroom, 2.5L Tank for Large Room, Easy to Fill & Clean, 28dB Quiet Cool Mist Air Humidifier for Home Baby Nursery & Plants, Auto Shut-off for Safety, 25H",𝙁𝙖𝙨𝙩 𝙃𝙪𝙢𝙞𝙙𝙞𝙛𝙞𝙘𝙖𝙩𝙞𝙤𝙣 𝘼𝙡𝙡 𝙉𝙞𝙜𝙝𝙩: Runs for up to 25 hours on low thanks to its SUPER LARGE capacity of 2.5 liters. The soothing moisture helps quickly relief congestion and dry throat.,"INR2,536.35","(34,010)",4.4 out of 5 stars
B0C33CHG99,Amazon,"Cosori 9-in-1 TurboBlaze Air Fryer 6 Qt, Premium Ceramic Coating, 90°–450°F, Precise Heating for Even Results, Air Fry, Roast, Bake, Broil, Dry, Frozen, Proof, Reheat, Keep Warm, 120V, Dark Gray","𝘼𝙞𝙧 𝙁𝙧𝙮𝙚𝙧 𝙐𝙥𝙜𝙧𝙖𝙙𝙚: Innovative TurboBlaze Technology delivers a powerful 3600 rpm fan speed and temperatures up to 450℉, achieving crispy, juicy results every time","INR8,157.16","(17,121)",4.8 out of 5 stars
B0CHYBKQPM,Amazon,"Miracase Phone Holders for Your Car with Metal Hook Clip, Air Vent Cell Phone Stand Car Mount, Universal Automobile Cradle for Garmin GPS Fit iPhone Android and All Smartphones, Dark Black",Never Fall Off-Metal Hook Design: Miracase car phone holder adopts simplified locking design. The steel metal hook(with silicone pad and mat) will catch one of car air vent blades and provide excellent strudiness. It will work well for your car even in extremely harsh environments. NOTE: ONLY Compatible with horizontal and vertical vents. Not suitable for round vents. Also can be used on bedstand and desk.,,"(40,706)",4.4 out of 5 stars
B09MG7535B,Amazon,AWINNER Compatible for Garmin Watch Charger Cable (2 Pack),"【Wide Compatibility】Compatible for Garmin Fenix 8 7 7S 7X Pro 6 6S 6X Pro 5 5S 5X Plus, Forerunner 965 955 945 935 745 265 255 245 165 55 45 45S Music, Approach S70 S62 S60 S50 S44 S42 S40 S12 S10 G12, X10, Instinct 3 2 2S 2X, Venu 3 2 plus 2S Sq, Vivoactive 6 5 4 4S 3, Quatix 7 6 6X 5, Vivosmart 5, Vivomove 3 3S Style Sport, Vivosport, D2 Charlie, D2 Delta PX, D2 Delta S, Impact Bat Swing Sensor, Tactix 8, Tactix 7, Tactix Charlie, BarkLimiter 2 2VT, Striker Cast, Rey, Swim 2, First Avenger, Darth Vader, Epix (gen 2), Enduro 3 2, Striker Cast GPS,Rey,First Avenger,Darth Vader,Enduro Smartwatch","INR2,152.50","(11,331)",4.3 out of 5 stars
B0FW4934Q9,Amazon,"2026 Wireless CarPlay Adapter for iPhone - 5s Auto-Connect, No Audio Lag - Convert Factory Wired to Wireless CarPlay - Bluetooth 5.3 & 5GHz Wi-Fi - Plug & Play (Includes USB A/C)","【Say Goodbye to Cables & Messy Console】Transform your wired CarPlay into a fully wireless experience in seconds. No more plugging and unplugging cables every time you get in your car. Keep your center console neat and enjoy a clean, wireless dashboard while accessing your favorite navigation, music, and Siri.","INR2,930.19",(615),4.6 out of 5 stars
B0DRPCD2GZ,Amazon,2026 Upgraded Vacuum Magnetic Car Phone Holder 360° Reinforced 96LBS Ultra Suction Cup Phone Mount for MagSafe Cell Phone Holders for Your Car/Gym/Mirror Mount for iPhone & Android,"【Strengthened Vacuum Suction Cup with Manual Twist Enhancement】Featuring reinforced vacuum suction and a twist-lock mechanism, this foldable magnetic car mount delivers the ultimate physical suction power. Unlike sticky mounts, this magnetic phone holder for car offers a quick-release design for easy repositioning without leaving any residue. The more it is shaken while driving, the firmer the suction becomes. The ideal magnetic suction phone mount for your car.",,"(3,291)",4.3 out of 5 stars
B096F7NJ62,Amazon,"UNBREAKcable AirTag Holder for Apple - 4 Pack Air Tag Case [Fit Tightly Design] [Easy to Install] [Hold Securely] Waterproof TPU Protective Cover with Metal Keychain for Kids,Pet,Luggage,Backpack,Keys","Perfect Fit Design, Hold Air Tag Securely: (Note: The Airtag is NOT included in Packages, Contains only Cases and Keychains) The 4-pack air tag Case is designed for the AirTag. The Case fits tightly around AirTag to ensure that it stays put","INR1,175.16","(15,847)",4.6 out of 5 stars
B0CJDTC6ZB,Amazon,"【Upgraded】 SUPERONE Retractable Car Charger 4 in 1, Fast Car Phone Charger with Cord 2.6ft, USB C and Apple Car Adapter, Compatible with iPhone 17 16 15/15 Pro Max/14/13/12/11, Galaxy, Pixel","SUPERONE Advantage: Leading retractable car charger brand. Our Retractable Car Charger features two 80cm long extendable cables, allowing for easy storage and keeping your car interior clean and organized. No more tangled cables or messy car compartments! Cool gifts for Men/women.",,"(5,212)",4.6 out of 5 stars
B08FM6GZSY,Amazon,"Universal Car Phone Holder Mount,360 Degrees Rotation Dashboard Phone Holder [Upgrade Clip Never Fall],car Phone Mount for iPhone,Samsung,Google,Nokia,and 4 to 7"" Smartphones","Multiple Purposes: This phone holder can be used on car dashboard,rearview mirror,sun visor. Whether requiring non-blocking the sight when navigating or lying in the seat to watch a film,you can always find a suitable position to mount it. It can also be used in many other scenes,such as table,bookshelf,office and so on. Note: Compatible with dashboards featuring an edge thickness of less than 2"" and a depth greater than 2"". Before ordering, please confirm this car mount fits your dashboard.",,"(6,400)",3.8 out of 5 stars
B000MFN1G8,Amazon,"Bostitch Office Electric Pencil Sharpener, Heavy Duty Powerful Stall-Free Motor, High Capacity Shavings Tray, for Office or Classroom, Black",HHC Cutter – The hardened helical allows for 4x longer cutting life sharpening than your average sharpener,"INR1,365.73","(22,690)",4.6 out of 5 stars
B00006IA9F,Amazon,,,,,
B0014C0LSY,Amazon,Crocs Unisex-Adult Classic Clogs,"It’s the iconic clog that started a comfort revolution around the world. The irreverent go-to comfort shoe that you're sure to fall deeper in love with day after day. Crocs Classic Clogs offer lightweight Iconic Crocs Comfort. All Crocs shoes are uniquely designed and manufactured using our proprietary closed-cell resin, Croslite, a technology that gives each pair of shoes the soft, comfortable, lightweight and non-marking qualities that Crocs wearers know and love. Heat: do not expose your Crocs shoes to extreme heat or intense sunlight for an extended period of time. Due to the unique nature of the Crocs PCCR material, high temperatures may cause them to warp. Crocs shoes should solely be hand washed. If the model features a lining, it is recommended to put the lining in a mesh fabric or use a delicate cycle (of up to 30 °) if you machine wash. Cleaning your Crocs using the washing machine is at your own risk Looking for the ultimate warm-weather shoe? Crocs' Classic clog has a ventilated upper and a traction outsole to make it a top wet-dry performer--perfect for the beach--but we can think of a zillion other places you'll want to wear it.",,"(325,485)",4.8 out of 5 stars
B0C2C9NHZW,Amazon,"LEVOIT Top Fill Humidifiers for Bedroom, 2.5L Tank for Large Room, Easy to Fill & Clean, 28dB Quiet Cool Mist Air Humidifier for Home Baby Nursery & Plants, Auto Shut-off for Safety, 25H",𝙁𝙖𝙨𝙩 𝙃𝙪𝙢𝙞𝙙𝙞𝙛𝙞𝙘𝙖𝙩𝙞𝙤𝙣 𝘼𝙡𝙡 𝙉𝙞𝙜𝙝𝙩: Runs for up to 25 hours on low thanks to its SUPER LARGE capacity of 2.5 liters. The soothing moisture helps quickly relief congestion and dry throat.,"INR2,536.35","(34,010)",4.4 out of 5 stars
B0C33CHG99,Amazon,"Cosori 9-in-1 TurboBlaze Air Fryer 6 Qt, Premium Ceramic Coating, 90°–450°F, Precise Heating for Even Results, Air Fry, Roast, Bake, Broil, Dry, Frozen, Proof, Reheat, Keep Warm, 120V, Dark Gray","𝘼𝙞𝙧 𝙁𝙧𝙮𝙚𝙧 𝙐𝙥𝙜𝙧𝙖𝙙𝙚: Innovative TurboBlaze Technology delivers a powerful 3600 rpm fan speed and temperatures up to 450℉, achieving crispy, juicy results every time","INR8,157.16","(17,121)",4.8 out of 5 stars
B0CHYBKQPM,Amazon,"Miracase Phone Holders for Your Car with Metal Hook Clip, Air Vent Cell Phone Stand Car Mount, Universal Automobile Cradle for Garmin GPS Fit iPhone Android and All Smartphones, Dark Black",Never Fall Off-Metal Hook Design: Miracase car phone holder adopts simplified locking design. The steel metal hook(with silicone pad and mat) will catch one of car air vent blades and provide excellent strudiness. It will work well for your car even in extremely harsh environments. NOTE: ONLY Compatible with horizontal and vertical vents. Not suitable for round vents. Also can be used on bedstand and desk.,,"(40,706)",4.4 out of 5 stars
B09MG7535B,Amazon,AWINNER Compatible for Garmin Watch Charger Cable (2 Pack),"【Wide Compatibility】Compatible for Garmin Fenix 8 7 7S 7X Pro 6 6S 6X Pro 5 5S 5X Plus, Forerunner 965 955 945 935 745 265 255 245 165 55 45 45S Music, Approach S70 S62 S60 S50 S44 S42 S40 S12 S10 G12, X10, Instinct 3 2 2S 2X, Venu 3 2 plus 2S Sq, Vivoactive 6 5 4 4S 3, Quatix 7 6 6X 5, Vivosmart 5, Vivomove 3 3S Style Sport, Vivosport, D2 Charlie, D2 Delta PX, D2 Delta S, Impact Bat Swing Sensor, Tactix 8, Tactix 7, Tactix Charlie, BarkLimiter 2 2VT, Striker Cast, Rey, Swim 2, First Avenger, Darth Vader, Epix (gen 2), Enduro 3 2, Striker Cast GPS,Rey,First Avenger,Darth Vader,Enduro Smartwatch","INR2,152.50","(11,331)",4.3 out of 5 stars
B0FW4934Q9,Amazon,"2026 Wireless CarPlay Adapter for iPhone - 5s Auto-Connect, No Audio Lag - Convert Factory Wired to Wireless CarPlay - Bluetooth 5.3 & 5GHz Wi-Fi - Plug & Play (Includes USB A/C)","【Say Goodbye to Cables & Messy Console】Transform your wired CarPlay into a fully wireless experience in seconds. No more plugging and unplugging cables every time you get in your car. Keep your center console neat and enjoy a clean, wireless dashboard while accessing your favorite navigation, music, and Siri.","INR2,930.19",(615),4.6 out of 5 stars
B0DRPCD2GZ,Amazon,2026 Upgraded Vacuum Magnetic Car Phone Holder 360° Reinforced 96LBS Ultra Suction Cup Phone Mount for MagSafe Cell Phone Holders for Your Car/Gym/Mirror Mount for iPhone & Android,"【Strengthened Vacuum Suction Cup with Manual Twist Enhancement】Featuring reinforced vacuum suction and a twist-lock mechanism, this foldable magnetic car mount delivers the ultimate physical suction power. Unlike sticky mounts, this magnetic phone holder for car offers a quick-release design for easy repositioning without leaving any residue. The more it is shaken while driving, the firmer the suction becomes. The ideal magnetic suction phone mount for your car.",,"(3,291)",4.3 out of 5 stars
B096F7NJ62,Amazon,"UNBREAKcable AirTag Holder for Apple - 4 Pack Air Tag Case [Fit Tightly Design] [Easy to Install] [Hold Securely] Waterproof TPU Protective Cover with Metal Keychain for Kids,Pet,Luggage,Backpack,Keys","Perfect Fit Design, Hold Air Tag Securely: (Note: The Airtag is NOT included in Packages, Contains only Cases and Keychains) The 4-pack air tag Case is designed for the AirTag. The Case fits tightly around AirTag to ensure that it stays put","INR1,175.16","(15,847)",4.6 out of 5 stars
B0CJDTC6ZB,Amazon,"【Upgraded】 SUPERONE Retractable Car Charger 4 in 1, Fast Car Phone Charger with Cord 2.6ft, USB C and Apple Car Adapter, Compatible with iPhone 17 16 15/15 Pro Max/14/13/12/11, Galaxy, Pixel","SUPERONE Advantage: Leading retractable car charger brand. Our Retractable Car Charger features two 80cm long extendable cables, allowing for easy storage and keeping your car interior clean and organized. No more tangled cables or messy car compartments! Cool gifts for Men/women.",,"(5,212)",4.6 out of 5 stars
